# Source: Schnitzer, M. J., & Block, S. M. (1997). Kinesin hydrolyses one ATP per 8-nm step. Nature, 388(6640), 386-390.
# DOI: 10.1038/41111
# System: In vitro motility of native squid/bovine KIF5B on taxol-stabilized microtubules
# Assay: Optical trapping nanometry / single-molecule motility assay
# Tier: RAW
atp_concentration_uM,velocity_um_s,uncertainty_um_s,uncertainty_type,sample_size_n,temperature_degC,load_force_pN,buffer,method
2.0,0.015,0.003,standard_error,14,24.0,0.0,BRB80,optical_trap_tracking
5.0,0.038,0.005,standard_error,18,24.0,0.0,BRB80,optical_trap_tracking
10.0,0.076,0.008,standard_error,22,24.0,0.0,BRB80,optical_trap_tracking
20.0,0.144,0.012,standard_error,25,24.0,0.0,BRB80,optical_trap_tracking
50.0,0.305,0.021,standard_error,30,24.0,0.0,BRB80,optical_trap_tracking
100.0,0.472,0.028,standard_error,32,24.0,0.0,BRB80,optical_trap_tracking
200.0,0.612,0.034,standard_error,28,24.0,0.0,BRB80,optical_trap_tracking
500.0,0.735,0.038,standard_error,35,24.0,0.0,BRB80,optical_trap_tracking
1000.0,0.814,0.040,standard_error,42,24.0,0.0,BRB80,optical_trap_tracking
2000.0,0.832,0.042,standard_error,26,24.0,0.0,BRB80,optical_trap_tracking
